{
  "task_type": "REGRESSION",
  "is_timeseries": true,
  "optimal_cv_folds": 3,
  "cv_fold_scores": {
    "3": {
      "mean": -0.07396059782886673,
      "std": 0.02591607544039852
    },
    "5": {
      "mean": -0.07400934446611378,
      "std": 0.011410877054103584
    },
    "7": {
      "mean": -0.06528191789731677,
      "std": 0.050180725271388414
    },
    "10": {
      "mean": -0.10288244817281815,
      "std": 0.05567516572996975
    }
  },
  "model_results": {
    "Ridge": {
      "mean_cv_score": -0.11562207040399532,
      "std_cv_score": 0.107588467372081,
      "best_params": {
        "model__alpha": 10000
      }
    },
    "Lasso": {
      "mean_cv_score": -0.050921371619881785,
      "std_cv_score": 0.01777766059731584,
      "best_params": {
        "model__alpha": 0.1
      }
    },
    "RandomForest": {
      "mean_cv_score": -0.05431831006529042,
      "std_cv_score": 0.022062107328421312,
      "best_params": {
        "model__max_depth": 5,
        "model__max_features": "sqrt",
        "model__n_estimators": 500
      }
    }
  },
  "best_model": "Lasso",
  "best_params": {
    "model__alpha": 0.1
  },
  "overfitting_analysis": {
    "before_tuning": {
      "train_score": 0.0,
      "val_score": -0.23406556986301696,
      "gap": 1.0,
      "is_overfitting": true
    },
    "after_tuning": {
      "train_val_score": 0.0,
      "test_score": -0.004925088704669678,
      "gap": 1.0,
      "is_overfitting": true
    }
  },
  "test_metrics": {
    "score": -0.004925088704669678,
    "rmse": 0.11451036626673843,
    "mae": 0.0907033188153809
  }
}